,,,,,,,,,,,,,,,,,,,,,,XXIII Mundial USA/MEX/CAN 2026,,,,,,,,,,,,,,,▼ Descargar Excel Administrador Porra ▼,,,,,,,,,,Video►Tutorial,,,,,,,,,,,,,,,,,,,,,,,,,,,,,,,,,,,,,,,,,,,,,,,,,,,,,,,,,,,,,,,,,,,,,,Horarios!$P$3,,,
,,,,,,,,,,,,,,,,,,,,,,,,,,,,,,,,,,,,,,,,,,,,,,,,,,,,,,,,,,,,,,,,,,,,,,,,,,,,,,,,,,,,,,,,,,,,,,,,,,,,,,,,,,,,,,,,,,,,,,,,
,,,WINNER,Empate1L,Empate1V,,Empate2L,Empate2V,,Empate3L,Empate3V,,Empate4L,Empate4V,,Empate5L,Empate5V,,Empate6L,Empate6V,,,Fecha,Hora,Jor.,Casa,,Gol,Gol,,Fuera,,,,Grupo,,,,,,,,,,,,¡EMPATE! Puedes seleccionar el orden de los empatados.,,,¿Hay equipos penalizados?,No,,,,,,,,,,,,,,,,,,,,,,,,,,,,,,,,,,,,,,,,,,,,,,,,,,,,,,,,,,,,,,,,,,,,,
NombreEquipo,A,4,Local,-,-,,-,-,,-,-,,-,-,,-,-,,-,-,,A,11/6/2026,21:00,J1,México,,1,0,,Sudáfrica,1,1,,Grupo A,,,,,,,,,,,,,,,,,,,,,,,,,,,,,,,,,,,,,,,,,,,,,,,,,,,,,,,,,,,,,,,,,,,,,,,Grupos: bombo; terceros: orden alfa,,,,,,,,,,,,,,
México,,,Empate,-,-,,-,-,,-,-,,-,-,,-,-,,-,-,,,12/6/2026,4:00,J1,Corea del Sur,,0,0,,República Checa,1,2,,Pos,,Selección,Pts,J,G,E,P,GF,GC,DG,0,,,,Selección,Puntos penalizados,,,Grupo,Selección,Pts,J,G,E,P,GF,GC,DG,PosF1,PosF3,Participa,Pos0,Empate0,PTS,Posicion1,Empate1,PGPart1,PEPart1,PPPart1,PTSPart1,Posicion2,Empate2,GFPart1,GCPart1,DGPArt1,Posicion3,Empate3,GFPart1,Posicion4,Empate4,PGPart2,PEPart2,PPPart2,PTSPart2,Posicion5,Empate5,GFPart2,GCPart2,DGPArt2,Posicion6,Empate6,GFPart2,Posicion7,Empate7,DG,Posicion8,Empate8,GF,Posicion9,Empate9,OrdenAlfa/Bombo,PosicionF1,,PosicionF2,Criterio/Fila,PosicionF3,,POS,Numero Partidos disputados grupo,CANT,CONCAT,DESEMPATE EN SELECTOR,,POSGRUPO,PAIS
Sudáfrica,,,Local,-,-,,-,-,,-,-,,-,-,,-,-,,-,-,,,18/6/2026,18:00,J2,República Checa,,1,0,,Sudáfrica,1,25,1A,1,,México,7,3,2,1,0,3,1,2,1,México,,,México,,,,A,México,7,3,2,1,0,3,1,2,1A,1A,0,1,P.1 (4),7,1,-,-,-,-,-,1,-,-,-,-,1,-,-,1,-,-,-,-,-,1,-,-,-,-,1,-,-,1,-,-,1,-,-,1,-,-,1,,1,-,1,,1,12,1,1.1,1,,1A,México
Corea del Sur,,,Empate,-,-,,-,-,,-,-,,-,-,,-,-,,-,-,,,19/6/2026,3:00,J2,México,,1,1,,Corea del Sur,1,28,2A,2,,Corea del Sur,5,3,1,2,0,2,1,1,1,Corea del Sur,,,Sudáfrica,,,,A,Sudáfrica,0,3,0,0,3,0,3,-3,4A,4A,0,1,P.1 (4),0,4,-,-,-,-,-,4,-,-,-,-,4,-,-,4,-,-,-,-,-,4,-,-,-,-,4,-,-,4,-,-,4,-,-,4,-,-,4,,4,-,4,,2,12,1,2.1,2,,2A,Corea del Sur
República Checa,,,Visitante,-,-,,-,-,,-,-,,-,-,,-,-,,-,-,,,25/6/2026,3:00,J3,República Checa,,0,1,,México,1,53,3A,3,,República Checa,4,3,1,1,1,1,1,0,1,República Checa,,,Corea del Sur,,,,A,Corea del Sur,5,3,1,2,0,2,1,1,2A,2A,0,1,P.1 (4),5,2,-,-,-,-,-,2,-,-,-,-,2,-,-,2,-,-,-,-,-,2,-,-,-,-,2,-,-,2,-,-,2,-,-,2,-,-,2,,2,-,2,,3,12,1,3.1,3,,3A,República Checa
,,,Visitante,-,-,,-,-,,-,-,,-,-,,-,-,,-,-,,,25/6/2026,3:00,J3,Sudáfrica,,0,1,,Corea del Sur,1,54,4A,4,,Sudáfrica,0,3,0,0,3,0,3,-3,1,Sudáfrica,,,República Checa,,,,A,República Checa,4,3,1,1,1,1,1,0,3A,3A,0,1,P.1 (4),4,3,-,-,-,-,-,3,-,-,-,-,3,-,-,3,-,-,-,-,-,3,-,-,-,-,3,-,-,3,-,-,3,-,-,3,-,-,3,,3,-,3,,4,12,1,4.1,4,,4A,Sudáfrica
,,,,,,,,,,,,,,,,,,,,,,,,,,,,,,,,,,,,,,,,,,,,,,,,,,,,,,B,Canadá,4,3,1,1,1,3,3,0,3B,3B,0,1,P.1 (4),4,3,-,-,-,-,-,3,-,-,-,-,3,-,-,3,-,-,-,-,-,3,-,-,-,-,3,-,-,3,-,-,3,-,-,3,-,-,3,,3,-,3,,1,12,1,1.1,1,,1B,Suiza
,,,,,,,,,,,,,,,,,,,,,,,Fecha,Hora,Jor.,Casa,,Gol,Gol,,Fuera,,,,,,,,,,,,,,,,,,,,,,,B,Bosnia y Herzegovina,5,3,1,2,0,3,2,1,2B,2B,0,1,P.1 (4),5,2,-,-,-,-,-,2,-,-,-,-,2,-,-,2,-,-,-,-,-,2,-,-,-,-,2,-,-,2,-,-,2,-,-,2,-,-,2,,2,-,2,,2,12,1,2.1,2,,2B,Bosnia y Herzegovina
NombreEquipo,B,4,Empate,-,-,,-,-,,-,-,,-,-,,-,-,,-,-,,B,12/6/2026,21:00,J1,Canadá,,1,1,,Bosnia y Herzegovina,1,3,,Grupo B,,,,,,,,,,,,,,,,,,,B,Catar,0,3,0,0,3,0,4,-4,4B,4B,0,1,P.1 (4),0,4,-,-,-,-,-,4,-,-,-,-,4,-,-,4,-,-,-,-,-,4,-,-,-,-,4,-,-,4,-,-,4,-,-,4,-,-,4,,4,-,4,,3,12,1,3.1,3,,3B,Canadá
Canadá,,,Visitante,-,-,,-,-,,-,-,,-,-,,-,-,,-,-,,,13/6/2026,21:00,J1,Catar,,0,2,,Suiza,1,8,,Pos,,Selección,Pts,J,G,E,P,GF,GC,DG,0,,,,Selección,Puntos penalizados,,,B,Suiza,7,3,2,1,0,5,2,3,1B,1B,0,1,P.1 (4),7,1,-,-,-,-,-,1,-,-,-,-,1,-,-,1,-,-,-,-,-,1,-,-,-,-,1,-,-,1,-,-,1,-,-,1,-,-,1,,1,-,1,,4,12,1,4.1,4,,4B,Catar
Bosnia y Herzegovina,,,Empate,-,-,,-,-,,-,-,,-,-,,-,-,,-,-,,,18/6/2026,21:00,J2,Suiza,,1,1,,Bosnia y Herzegovina,1,26,1B,1,,Suiza,7,3,2,1,0,5,2,3,1,Suiza,,,Canadá,,,,C,Brasil,9,3,3,0,0,6,1,5,1C,1C,0,1,P.1 (4),9,1,-,-,-,-,-,1,-,-,-,-,1,-,-,1,-,-,-,-,-,1,-,-,-,-,1,-,-,1,-,-,1,-,-,1,-,-,1,,1,-,1,,1,12,1,1.1,1,,1C,Brasil
Catar,,,Local,-,-,,-,-,,-,-,,-,-,,-,-,,-,-,,,19/6/2026,0:00,J2,Canadá,,1,0,,Catar,1,27,2B,2,,Bosnia y Herzegovina,5,3,1,2,0,3,2,1,1,Bosnia y Herzegovina,,,Bosnia y Herzegovina,,,,C,Marruecos,6,3,2,0,1,4,3,1,2C,2C,0,1,P.1 (4),6,2,-,-,-,-,-,2,-,-,-,-,2,-,-,2,-,-,-,-,-,2,-,-,-,-,2,-,-,2,-,-,2,-,-,2,-,-,2,,2,-,2,,2,12,1,2.1,2,,2C,Marruecos
Suiza,,,Local,-,-,,-,-,,-,-,,-,-,,-,-,,-,-,,,24/6/2026,21:00,J3,Suiza,,2,1,,Canadá,1,51,3B,3,,Canadá,4,3,1,1,1,3,3,0,1,Canadá,,,Catar,,,,C,Haití,0,3,0,0,3,0,4,-4,4C,4C,0,1,P.1 (4),0,4,-,-,-,-,-,4,-,-,-,-,4,-,-,4,-,-,-,-,-,4,-,-,-,-,4,-,-,4,-,-,4,-,-,4,-,-,4,,4,-,4,,3,12,1,3.1,3,,3C,Escocia
,,,Local,-,-,,-,-,,-,-,,-,-,,-,-,,-,-,,,24/6/2026,21:00,J3,Bosnia y Herzegovina,,1,0,,Catar,1,52,4B,4,,Catar,0,3,0,0,3,0,4,-4,1,Catar,,,Suiza,,,,C,Escocia,3,3,1,0,2,2,4,-2,3C,3C,0,1,P.1 (4),3,3,-,-,-,-,-,3,-,-,-,-,3,-,-,3,-,-,-,-,-,3,-,-,-,-,3,-,-,3,-,-,3,-,-,3,-,-,3,,3,-,3,,4,12,1,4.1,4,,4C,Haití
,,,,,,,,,,,,,,,,,,,,,,,,,,,,,,,,,,,,,,,,,,,,,,,,,,,,,,D,Estados Unidos,7,3,2,1,0,4,2,2,1D,1D,0,1,P.1 (4),7,1,-,-,-,-,-,1,-,-,-,-,1,-,-,1,-,-,-,-,-,1,-,-,-,-,1,-,-,1,-,-,1,-,-,1,-,-,1,,1,-,1,,1,12,1,1.1,1,,1D,Estados Unidos
,,,,,,,,,,,,,,,,,,,,,,,Fecha,Hora,Jor.,Casa,,Gol,Gol,,Fuera,,,,,,,,,,,,,,,,,,,,,,,D,Paraguay,5,3,1,2,0,3,1,2,2D,2D,0,1,P.1 (4),5,2,-,-,-,-,-,2,-,-,-,-,2,-,-,2,-,-,-,-,-,2,-,-,-,-,2,-,-,2,-,-,2,-,-,2,-,-,2,,2,-,2,,2,12,1,2.1,2,,2D,Paraguay
NombreEquipo,C,4,Local,-,-,,-,-,,-,-,,-,-,,-,-,,-,-,,C,14/6/2026,0:00,J1,Brasil,,2,1,,Marruecos,1,7,,Grupo C,,,,,,,,,,,,,,,,,,,D,Australia,0,3,0,0,3,1,5,-4,4D,4D,0,1,P.1 (4),0,4,-,-,-,-,-,4,-,-,-,-,4,-,-,4,-,-,-,-,-,4,-,-,-,-,4,-,-,4,-,-,4,-,-,4,-,-,4,,4,-,4,,3,12,1,3.1,3,,3D,Turquía
Brasil,,,Visitante,-,-,,-,-,,-,-,,-,-,,-,-,,-,-,,,14/6/2026,3:00,J1,Haití,,0,1,,Escocia,1,5,,Pos,,Selección,Pts,J,G,E,P,GF,GC,DG,0,,,,Selección,Puntos penalizados,,,D,Turquía,4,3,1,1,1,3,3,0,3D,3D,0,1,P.1 (4),4,3,-,-,-,-,-,3,-,-,-,-,3,-,-,3,-,-,-,-,-,3,-,-,-,-,3,-,-,3,-,-,3,-,-,3,-,-,3,,3,-,3,,4,12,1,4.1,4,,4D,Australia
Marruecos,,,Visitante,-,-,,-,-,,-,-,,-,-,,-,-,,-,-,,,20/6/2026,0:00,J2,Escocia,,1,2,,Marruecos,1,30,1C,1,,Brasil,9,3,3,0,0,6,1,5,1,Brasil,,,Brasil,,,,E,Alemania,7,3,2,1,0,5,1,4,1E,1E,0,1,P.1 (4),7,1,P.1 (2),0,1,0,1,1,P.1 (2),1,1,0,1,P.1 (2),1,1,P.1 (2),0,1,0,1,1,P.1 (2),1,1,0,1,P.1 (2),1,1,P.1 (2),4,1,-,-,1,-,-,1,,1,-,1,,1,12,1,1.1,1,,1E,Alemania
Haití,,,Local,-,-,,-,-,,-,-,,-,-,,-,-,,-,-,,,20/6/2026,2:30,J2,Brasil,,2,0,,Haití,1,29,2C,2,,Marruecos,6,3,2,0,1,4,3,1,1,Marruecos,,,Marruecos,,,,E,Curazao,0,3,0,0,3,0,7,-7,4E,4E,0,1,P.1 (4),0,4,-,-,-,-,-,4,-,-,-,-,4,-,-,4,-,-,-,-,-,4,-,-,-,-,4,-,-,4,-,-,4,-,-,4,-,-,4,,4,-,4,,2,12,1,2.1,2,,2E,Ecuador
Escocia,,,Visitante,-,-,,-,-,,-,-,,-,-,,-,-,,-,-,,,25/6/2026,0:00,J3,Escocia,,0,2,,Brasil,1,49,3C,3,,Escocia,3,3,1,0,2,2,4,-2,1,Escocia,,,Haití,,,,E,Costa de Marfil,3,3,1,0,2,3,3,0,3E,3E,0,1,P.1 (4),3,3,-,-,-,-,-,3,-,-,-,-,3,-,-,3,-,-,-,-,-,3,-,-,-,-,3,-,-,3,-,-,3,-,-,3,-,-,3,,3,-,3,,3,12,1,3.1,3,,3E,Costa de Marfil
,,,Local,-,-,,-,-,,-,-,,-,-,,-,-,,-,-,,,25/6/2026,0:00,J3,Marruecos,,1,0,,Haití,1,50,4C,4,,Haití,0,3,0,0,3,0,4,-4,1,Haití,,,Escocia,,,,E,Ecuador,7,3,2,1,0,5,2,3,2E,2E,0,1,P.1 (4),7,1,P.1 (2),0,1,0,1,1,P.1 (2),1,1,0,1,P.1 (2),1,1,P.1 (2),0,1,0,1,1,P.1 (2),1,1,0,1,P.1 (2),1,1,P.1 (2),3,2,-,-,2,-,-,2,,2,-,2,,4,12,1,4.1,4,,4E,Curazao
,,,,,,,,,,,,,,,,,,,,,,,,,,,,,,,,,,,,,,,,,,,,,,,,,,,,,,F,Países Bajos,7,3,2,1,0,2,0,2,2F,2F,0,1,P.1 (4),7,1,P.1 (2),0,1,0,1,1,P.1 (2),0,0,0,1,P.1 (2),0,1,P.1 (2),0,1,0,1,1,P.1 (2),0,0,0,1,P.1 (2),0,1,P.1 (2),2,1,P.1 (2),2,2,-,-,2,,2,-,2,,1,12,1,1.1,1,,1F,Japón
,,,,,,,,,,,,,,,,,,,,,,,Fecha,Hora,Jor.,Casa,,Gol,Gol,,Fuera,,,,,,,,,,,,,,,,,,,,,,,F,Japón,7,3,2,1,0,3,1,2,1F,1F,0,1,P.1 (4),7,1,P.1 (2),0,1,0,1,1,P.1 (2),0,0,0,1,P.1 (2),0,1,P.1 (2),0,1,0,1,1,P.1 (2),0,0,0,1,P.1 (2),0,1,P.1 (2),2,1,P.1 (2),3,1,-,-,1,,1,-,1,,2,12,1,2.1,2,,2F,Países Bajos
NombreEquipo,D,4,Empate,-,-,,-,-,,-,-,,-,-,,-,-,,-,-,,D,13/6/2026,3:00,J1,Estados Unidos,,0,0,,Paraguay,1,4,,Grupo D,,,,,,,,,,,,,,,,,,,F,Suecia,3,3,1,0,2,2,3,-1,3F,3F,0,1,P.1 (4),3,3,-,-,-,-,-,3,-,-,-,-,3,-,-,3,-,-,-,-,-,3,-,-,-,-,3,-,-,3,-,-,3,-,-,3,-,-,3,,3,-,3,,3,12,1,3.1,3,,3F,Suecia
Estados Unidos,,,Visitante,-,-,,-,-,,-,-,,-,-,,-,-,,-,-,,,14/6/2026,6:00,J1,Australia,,0,1,,Turquía,1,6,,Pos,,Selección,Pts,J,G,E,P,GF,GC,DG,0,,,,Selección,Puntos penalizados,,,F,Túnez,0,3,0,0,3,0,3,-3,4F,4F,0,1,P.1 (4),0,4,-,-,-,-,-,4,-,-,-,-,4,-,-,4,-,-,-,-,-,4,-,-,-,-,4,-,-,4,-,-,4,-,-,4,-,-,4,,4,-,4,,4,12,1,4.1,4,,4F,Túnez
Paraguay,,,Local,-,-,,-,-,,-,-,,-,-,,-,-,,-,-,,,19/6/2026,21:00,J2,Estados Unidos,,2,1,,Australia,1,32,1D,1,,Estados Unidos,7,3,2,1,0,4,2,2,1,Estados Unidos,,,Estados Unidos,,,,G,Bélgica,9,3,3,0,0,4,0,4,1G,1G,0,1,P.1 (4),9,1,-,-,-,-,-,1,-,-,-,-,1,-,-,1,-,-,-,-,-,1,-,-,-,-,1,-,-,1,-,-,1,-,-,1,-,-,1,,1,-,1,,1,12,1,1.1,1,,1G,Bélgica
Australia,,,Empate,-,-,,-,-,,-,-,,-,-,,-,-,,-,-,,,20/6/2026,5:00,J2,Turquía,,1,1,,Paraguay,1,31,2D,2,,Paraguay,5,3,1,2,0,3,1,2,1,Paraguay,,,Paraguay,,,,G,Egipto,4,3,1,1,1,1,1,0,2G,2G,0,1,P.1 (4),4,2,-,-,-,-,-,2,-,-,-,-,2,-,-,2,-,-,-,-,-,2,-,-,-,-,2,-,-,2,-,-,2,-,-,2,-,-,2,,2,-,2,,2,12,1,2.1,2,,2G,Egipto
Turquía,,,Visitante,-,-,,-,-,,-,-,,-,-,,-,-,,-,-,,,26/6/2026,4:00,J3,Turquía,,1,2,,Estados Unidos,1,59,3D,3,,Turquía,4,3,1,1,1,3,3,0,1,Turquía,,,Australia,,,,G,Irán,2,3,0,2,1,0,1,-1,3G,3G,0,1,P.1 (4),2,3,-,-,-,-,-,3,-,-,-,-,3,-,-,3,-,-,-,-,-,3,-,-,-,-,3,-,-,3,-,-,3,-,-,3,-,-,3,,3,-,3,,3,12,1,3.1,3,,3G,Irán
,,,Local,-,-,,-,-,,-,-,,-,-,,-,-,,-,-,,,26/6/2026,4:00,J3,Paraguay,,2,0,,Australia,1,60,4D,4,,Australia,0,3,0,0,3,1,5,-4,1,Australia,,,Turquía,,,,G,Nueva Zelanda,1,3,0,1,2,0,3,-3,4G,4G,0,1,P.1 (4),1,4,-,-,-,-,-,4,-,-,-,-,4,-,-,4,-,-,-,-,-,4,-,-,-,-,4,-,-,4,-,-,4,-,-,4,-,-,4,,4,-,4,,4,12,1,4.1,4,,4G,Nueva Zelanda
,,,,,,,,,,,,,,,,,,,,,,,,,,,,,,,,,,,,,,,,,,,,,,,,,,,,,,H,España,7,3,2,1,0,3,0,3,1H,1H,0,1,P.1 (4),7,1,P.1 (2),0,1,0,1,1,P.1 (2),0,0,0,1,P.1 (2),0,1,P.1 (2),0,1,0,1,1,P.1 (2),0,0,0,1,P.1 (2),0,1,P.1 (2),3,1,-,-,1,-,-,1,,1,-,1,,1,12,1,1.1,1,,1H,España
,,,,,,,,,,,,,,,,,,,,,,,Fecha,Hora,Jor.,Casa,,Gol,Gol,,Fuera,,,,,,,,,,,,,,,,,,,,,,,H,Cabo Verde,1,3,0,1,2,1,4,-3,4H,4H,0,1,P.1 (4),1,3,P.3 (2),0,1,0,1,3,P.3 (2),0,0,0,3,P.3 (2),0,3,P.3 (2),0,1,0,1,3,P.3 (2),0,0,0,3,P.3 (2),0,3,P.3 (2),-3,4,-,-,4,-,-,4,,4,-,4,,2,12,1,2.1,2,,2H,Uruguay
NombreEquipo,E,4,Local,P.1 (2),-,,P.1 (2),-,,P.1 (2),-,,P.1 (2),-,,P.1 (2),-,,P.1 (2),-,,E,14/6/2026,19:00,J1,Alemania,,3,0,,Curazao,1,10,,Grupo E,,,,,,,,,,,,,,,,,,,H,Arabia Saudita,1,3,0,1,2,0,2,-2,3H,3H,0,1,P.1 (4),1,3,P.3 (2),0,1,0,1,3,P.3 (2),0,0,0,3,P.3 (2),0,3,P.3 (2),0,1,0,1,3,P.3 (2),0,0,0,3,P.3 (2),0,3,P.3 (2),-2,3,-,-,3,-,-,3,,3,-,3,,3,12,1,3.1,3,,3H,Arabia Saudita
Alemania,,,Visitante,-,P.1 (2),,-,P.1 (2),,-,P.1 (2),,-,P.1 (2),,-,P.1 (2),,-,P.1 (2),,,15/6/2026,1:00,J1,Costa de Marfil,,1,2,,Ecuador,1,9,,Pos,,Selección,Pts,J,G,E,P,GF,GC,DG,0,,,,Selección,Puntos penalizados,,,H,Uruguay,7,3,2,1,0,3,1,2,2H,2H,0,1,P.1 (4),7,1,P.1 (2),0,1,0,1,1,P.1 (2),0,0,0,1,P.1 (2),0,1,P.1 (2),0,1,0,1,1,P.1 (2),0,0,0,1,P.1 (2),0,1,P.1 (2),2,2,-,-,2,-,-,2,,2,-,2,,4,12,1,4.1,4,,4H,Cabo Verde
Curazao,,,Local,P.1 (2),-,,P.1 (2),-,,P.1 (2),-,,P.1 (2),-,,P.1 (2),-,,P.1 (2),-,,,20/6/2026,22:00,J2,Alemania,,1,0,,Costa de Marfil,1,33,1E,1,,Alemania,7,3,2,1,0,5,1,4,1,Alemania,,,Alemania,,,,I,Francia,7,3,2,1,0,4,1,3,1I,1I,0,1,P.1 (4),7,1,-,-,-,-,-,1,-,-,-,-,1,-,-,1,-,-,-,-,-,1,-,-,-,-,1,-,-,1,-,-,1,-,-,1,-,-,1,,1,-,1,,1,12,1,1.1,1,,1I,Francia
Costa de Marfil,,,Local,P.1 (2),-,,P.1 (2),-,,P.1 (2),-,,P.1 (2),-,,P.1 (2),-,,P.1 (2),-,,,21/6/2026,2:00,J2,Ecuador,,2,0,,Curazao,1,34,2E,2,,Ecuador,7,3,2,1,0,5,2,3,1,Ecuador,,,Curazao,,,,I,Senegal,4,3,1,1,1,1,1,0,3I,3I,0,1,P.1 (4),4,3,-,-,-,-,-,3,-,-,-,-,3,-,-,3,-,-,-,-,-,3,-,-,-,-,3,-,-,3,-,-,3,-,-,3,-,-,3,,3,-,3,,2,12,1,2.1,2,,2I,Noruega
Ecuador,,,Visitante,-,-,,-,-,,-,-,,-,-,,-,-,,-,-,,,25/6/2026,22:00,J3,Curazao,,0,2,,Costa de Marfil,1,55,3E,3,,Costa de Marfil,3,3,1,0,2,3,3,0,1,Costa de Marfil,,,Costa de Marfil,,,,I,Irak,0,3,0,0,3,0,4,-4,4I,4I,0,1,P.1 (4),0,4,-,-,-,-,-,4,-,-,-,-,4,-,-,4,-,-,-,-,-,4,-,-,-,-,4,-,-,4,-,-,4,-,-,4,-,-,4,,4,-,4,,3,12,1,3.1,3,,3I,Senegal
,,,Empate,P.1 (2),P.1 (2),,P.1 (2),P.1 (2),,P.1 (2),P.1 (2),,P.1 (2),P.1 (2),,P.1 (2),P.1 (2),,P.1 (2),P.1 (2),,,25/6/2026,22:00,J3,Ecuador,,1,1,,Alemania,1,56,4E,4,,Curazao,0,3,0,0,3,0,7,-7,1,Curazao,,,Ecuador,,,,I,Noruega,5,3,1,2,0,2,1,1,2I,2I,0,1,P.1 (4),5,2,-,-,-,-,-,2,-,-,-,-,2,-,-,2,-,-,-,-,-,2,-,-,-,-,2,-,-,2,-,-,2,-,-,2,-,-,2,,2,-,2,,4,12,1,4.1,4,,4I,Irak
,,,,,,,,,,,,,,,,,,,,,,,,,,,,,,,,,,,,,,,,,,,,,,,,,,,,,,J,Argentina,9,3,3,0,0,5,0,5,1J,1J,0,1,P.1 (4),9,1,-,-,-,-,-,1,-,-,-,-,1,-,-,1,-,-,-,-,-,1,-,-,-,-,1,-,-,1,-,-,1,-,-,1,-,-,1,,1,-,1,,1,12,1,1.1,1,,1J,Argentina
,,,,,,,,,,,,,,,,,,,,,,,Fecha,Hora,Jor.,Casa,,Gol,Gol,,Fuera,,,,,,,,,,,,,,,,,,,,,,,J,Argelia,4,3,1,1,1,1,2,-1,3J,3J,0,1,P.1 (4),4,2,P.2 (2),0,1,0,1,2,P.2 (2),0,0,0,2,P.2 (2),0,2,P.2 (2),0,1,0,1,2,P.2 (2),0,0,0,2,P.2 (2),0,2,P.2 (2),-1,3,-,-,3,-,-,3,,3,-,3,,2,12,1,2.1,2,,2J,Austria
NombreEquipo,F,4,Empate,P.1 (2),P.1 (2),,P.1 (2),P.1 (2),,P.1 (2),P.1 (2),,P.1 (2),P.1 (2),,P.1 (2),P.1 (2),,P.1 (2),P.1 (2),,F,14/6/2026,22:00,J1,Países Bajos,,0,0,,Japón,1,11,,Grupo F,,,,,,,,,,,,,,,,,,,J,Austria,4,3,1,1,1,1,1,0,2J,2J,0,1,P.1 (4),4,2,P.2 (2),0,1,0,1,2,P.2 (2),0,0,0,2,P.2 (2),0,2,P.2 (2),0,1,0,1,2,P.2 (2),0,0,0,2,P.2 (2),0,2,P.2 (2),0,2,-,-,2,-,-,2,,2,-,2,,3,12,1,3.1,3,,3J,Argelia
Países Bajos,,,Local,-,-,,-,-,,-,-,,-,-,,-,-,,-,-,,,15/6/2026,4:00,J1,Suecia,,1,0,,Túnez,1,12,,Pos,,Selección,Pts,J,G,E,P,GF,GC,DG,0,,,,Selección,Puntos penalizados,,,J,Jordania,0,3,0,0,3,0,4,-4,4J,4J,0,1,P.1 (4),0,4,-,-,-,-,-,4,-,-,-,-,4,-,-,4,-,-,-,-,-,4,-,-,-,-,4,-,-,4,-,-,4,-,-,4,-,-,4,,4,-,4,,4,12,1,4.1,4,,4J,Jordania
Japón,,,Local,P.1 (2),-,,P.1 (2),-,,P.1 (2),-,,P.1 (2),-,,P.1 (2),-,,P.1 (2),-,,,20/6/2026,19:00,J2,Países Bajos,,1,0,,Suecia,1,35,1F,1,,Japón,7,3,2,1,0,3,1,2,1,Japón,,,Países Bajos,,,,K,Portugal,7,3,2,1,0,4,1,3,1K,1K,0,1,P.1 (4),7,1,P.1 (2),0,1,0,1,1,P.1 (2),0,0,0,1,P.1 (2),0,1,P.1 (2),0,1,0,1,1,P.1 (2),0,0,0,1,P.1 (2),0,1,P.1 (2),3,1,-,-,1,-,-,1,,1,-,1,,1,12,1,1.1,1,,1K,Portugal
Suecia,,,Visitante,-,P.1 (2),,-,P.1 (2),,-,P.1 (2),,-,P.1 (2),,-,P.1 (2),,-,P.1 (2),,,21/6/2026,6:00,J2,Túnez,,0,1,,Japón,1,36,2F,2,,Países Bajos,7,3,2,1,0,2,0,2,1,Países Bajos,,,Japón,,,,K,RD Congo,1,3,0,1,2,1,3,-2,3K,3K,0,1,P.1 (4),1,3,P.3 (2),0,1,0,1,3,P.3 (2),0,0,0,3,P.3 (2),0,3,P.3 (2),0,1,0,1,3,P.3 (2),0,0,0,3,P.3 (2),0,3,P.3 (2),-2,3,-,-,3,-,-,3,,3,-,3,,2,12,1,2.1,2,,2K,Colombia
Túnez,,,Local,P.1 (2),-,,P.1 (2),-,,P.1 (2),-,,P.1 (2),-,,P.1 (2),-,,P.1 (2),-,,,26/6/2026,1:00,J3,Japón,,2,1,,Suecia,1,57,3F,3,,Suecia,3,3,1,0,2,2,3,-1,1,Suecia,,,Suecia,,,,K,Uzbekistán,1,3,0,1,2,0,3,-3,4K,4K,0,1,P.1 (4),1,3,P.3 (2),0,1,0,1,3,P.3 (2),0,0,0,3,P.3 (2),0,3,P.3 (2),0,1,0,1,3,P.3 (2),0,0,0,3,P.3 (2),0,3,P.3 (2),-3,4,-,-,4,-,-,4,,4,-,4,,3,12,1,3.1,3,,3K,RD Congo
,,,Visitante,-,P.1 (2),,-,P.1 (2),,-,P.1 (2),,-,P.1 (2),,-,P.1 (2),,-,P.1 (2),,,26/6/2026,1:00,J3,Túnez,,0,1,,Países Bajos,1,58,4F,4,,Túnez,0,3,0,0,3,0,3,-3,1,Túnez,,,Túnez,,,,K,Colombia,7,3,2,1,0,2,0,2,2K,2K,0,1,P.1 (4),7,1,P.1 (2),0,1,0,1,1,P.1 (2),0,0,0,1,P.1 (2),0,1,P.1 (2),0,1,0,1,1,P.1 (2),0,0,0,1,P.1 (2),0,1,P.1 (2),2,2,-,-,2,-,-,2,,2,-,2,,4,12,1,4.1,4,,4K,Uzbekistán
,,,,,,,,,,,,,,,,,,,,,,,,,,,,,,,,,,,,,,,,,,,,,,,,,,,,,,L,Inglaterra,7,3,2,1,0,3,1,2,1L,1L,0,1,P.1 (4),7,1,-,-,-,-,-,1,-,-,-,-,1,-,-,1,-,-,-,-,-,1,-,-,-,-,1,-,-,1,-,-,1,-,-,1,-,-,1,,1,-,1,,1,12,1,1.1,1,,1L,Inglaterra
,,,,,,,,,,,,,,,,,,,,,,,Fecha,Hora,Jor.,Casa,,Gol,Gol,,Fuera,,,,,,,,,,,,,,,,,,,,,,,L,Croacia,3,3,0,3,0,0,0,0,3L,3L,0,1,P.1 (4),3,3,-,-,-,-,-,3,-,-,-,-,3,-,-,3,-,-,-,-,-,3,-,-,-,-,3,-,-,3,-,-,3,-,-,3,-,-,3,,3,-,3,,2,12,1,2.1,2,,2L,Ghana
NombreEquipo,G,4,Local,-,-,,-,-,,-,-,,-,-,,-,-,,-,-,,G,15/6/2026,21:00,J1,Bélgica,,1,0,,Egipto,1,16,,Grupo G,,,,,,,,,,,,,,,,,,,L,Ghana,4,3,1,1,1,2,2,0,2L,2L,0,1,P.1 (4),4,2,-,-,-,-,-,2,-,-,-,-,2,-,-,2,-,-,-,-,-,2,-,-,-,-,2,-,-,2,-,-,2,-,-,2,-,-,2,,2,-,2,,3,12,1,3.1,3,,3L,Croacia
Bélgica,,,Empate,-,-,,-,-,,-,-,,-,-,,-,-,,-,-,,,16/6/2026,3:00,J1,Irán,,0,0,,Nueva Zelanda,1,15,,Pos,,Selección,Pts,J,G,E,P,GF,GC,DG,0,,,,Selección,Puntos penalizados,,,L,Panamá,1,3,0,1,2,0,2,-2,4L,4L,0,1,P.1 (4),1,4,-,-,-,-,-,4,-,-,-,-,4,-,-,4,-,-,-,-,-,4,-,-,-,-,4,-,-,4,-,-,4,-,-,4,-,-,4,,4,-,4,,4,12,1,4.1,4,,4L,Panamá
Egipto,,,Local,-,-,,-,-,,-,-,,-,-,,-,-,,-,-,,,21/6/2026,21:00,J2,Bélgica,,1,0,,Irán,1,39,1G,1,,Bélgica,9,3,3,0,0,4,0,4,1,Bélgica,,,Bélgica,,,,,,,,,,,,,,,,,,,,,,,,,,,,,,,,,,,,,,,,,,,,,,,,,,,,,,,,,,,,,,,,,,,,,,
Irán,,,Visitante,-,-,,-,-,,-,-,,-,-,,-,-,,-,-,,,22/6/2026,3:00,J2,Nueva Zelanda,,0,1,,Egipto,1,40,2G,2,,Egipto,4,3,1,1,1,1,1,0,1,Egipto,,,Egipto,,,,,,,,,,,,,,,,,,,,,,,,,,,,,,,,,,,,,,,,,,,,,,,,,,,,,,,,,,,,,,,,,,,,,,
Nueva Zelanda,,,Empate,-,-,,-,-,,-,-,,-,-,,-,-,,-,-,,,27/6/2026,5:00,J3,Egipto,,0,0,,Irán,1,63,3G,3,,Irán,2,3,0,2,1,0,1,-1,1,Irán,,,Irán,,,"1; normal 2; sin ultimo clas, 3, media total",,,,,,,,,,,,,,,,,,,,,,,,,,,,,,,,,,,,,,,,,,,,,,,,,,,,,,,,,,,,,,,,,,,
,,,Visitante,-,-,,-,-,,-,-,,-,-,,-,-,,-,-,,,27/6/2026,5:00,J3,Nueva Zelanda,,0,2,,Bélgica,1,64,4G,4,,Nueva Zelanda,1,3,0,1,2,0,3,-3,1,Nueva Zelanda,,,Nueva Zelanda,,,1,Grupo,Selección,Pts,J,G,E,P,GF,GC,DG,PosF1,PosF3,,,,PTS,Posicion1,Empate1,DG,Posicion2,Empate2,GF,Posicion3,Empate3,OrdenAlfa,PosicionF1,,PosicionF2,Criterio/Fila,PosicionF3,,,,,,,,,,,,,,,,,,,,,,,,,,,,,,POS,,CANT,CONCAT,DESEMPATE EN SELECTOR,,POSGRUPO,PAIS
,,,,,,,,,,,,,,,,,,,,,,,,,,,,,,,,,,,,,,,,,,,,,,,,,,,,,3A,A,República Checa,4,3,1,1,1,1,1,0,3,3,4A,,,4,1,Pos. 1 (5),0,1,Pos. 1 (4),1,3,Pos. 3 (2),3,3,,3,2,3,,,,,,,,,,,,,,,,,,,,,,,,,,,,,,1,,2,1.2,1,,1,Canadá
,,,,,,,,,,,,,,,,,,,,,,,Fecha,Hora,Jor.,Casa,,Gol,Gol,,Fuera,,,,,,,,,,,,,,,,,,,,,,3B,B,Canadá,4,3,1,1,1,3,3,0,1,1,4B,,,4,1,Pos. 1 (5),0,1,Pos. 1 (4),3,1,Pos. 1 (2),9,1,,1,0,1,,,,,,,,,,,,,,,,,,,,,,,,,,,,,,1,,2,1.2,1,,2,Turquía
NombreEquipo,H,4,Local,P.1 (2),P.3 (2),,P.1 (2),P.3 (2),,P.1 (2),P.3 (2),,P.1 (2),P.3 (2),,P.1 (2),P.3 (2),,P.1 (2),P.3 (2),,H,15/6/2026,18:00,J1,España,,2,0,,Cabo Verde,1,14,,Grupo H,,,,,,,,,,,,,,,,,,3C,C,Escocia,3,3,1,0,2,2,4,-2,9,9,4C,,,3,6,Pos. 6 (4),-2,9,-,-,9,-,-,9,,9,-,9,,,,,,,,,,,,,,,,,,,,,,,,,,,,,,3,,2,3.2,3,,3,República Checa
España,,,Visitante,P.3 (2),P.1 (2),,P.3 (2),P.1 (2),,P.3 (2),P.1 (2),,P.3 (2),P.1 (2),,P.3 (2),P.1 (2),,P.3 (2),P.1 (2),,,16/6/2026,0:00,J1,Arabia Saudita,,0,1,,Uruguay,1,13,,Pos,,Selección,Pts,J,G,E,P,GF,GC,DG,0,,,,Selección,Puntos penalizados,,3D,D,Turquía,4,3,1,1,1,3,3,0,2,2,4D,,,4,1,Pos. 1 (5),0,1,Pos. 1 (4),3,1,Pos. 1 (2),0,2,,2,1,2,,,,,,,,,,,,,,,,,,,,,,,,,,,,,,3,,2,3.2,3,,4,Senegal
Cabo Verde,,,Local,P.1 (2),P.3 (2),,P.1 (2),P.3 (2),,P.1 (2),P.3 (2),,P.1 (2),P.3 (2),,P.1 (2),P.3 (2),,P.1 (2),P.3 (2),,,21/6/2026,18:00,J2,España,,1,0,,Arabia Saudita,1,38,1H,1,,España,7,3,2,1,0,3,0,3,1,España,,,España,,,3E,E,Costa de Marfil,3,3,1,0,2,3,3,0,6,6,4E,,,3,6,Pos. 6 (4),0,6,Pos. 6 (2),3,6,-,-,6,,6,-,6,,,,,,,,,,,,,,,,,,,,,,,,,,,,,,5,,1,5.1,5,,5,Argelia
Arabia Saudita,,,Local,P.1 (2),P.3 (2),,P.1 (2),P.3 (2),,P.1 (2),P.3 (2),,P.1 (2),P.3 (2),,P.1 (2),P.3 (2),,P.1 (2),P.3 (2),,,22/6/2026,0:00,J2,Uruguay,,2,1,,Cabo Verde,1,37,2H,2,,Uruguay,7,3,2,1,0,3,1,2,1,Uruguay,,,Cabo Verde,,,3F,F,Suecia,3,3,1,0,2,2,3,-1,8,8,4F,,,3,6,Pos. 6 (4),-1,8,-,-,8,-,-,8,,8,-,8,,,,,,,,,,,,,,,,,,,,,,,,,,,,,,6,,1,6.1,6,,6,Costa de Marfil
Uruguay,,,Empate,P.3 (2),P.3 (2),,P.3 (2),P.3 (2),,P.3 (2),P.3 (2),,P.3 (2),P.3 (2),,P.3 (2),P.3 (2),,P.3 (2),P.3 (2),,,27/6/2026,2:00,J3,Cabo Verde,,0,0,,Arabia Saudita,1,65,3H,3,,Arabia Saudita,1,3,0,1,2,0,2,-2,1,Arabia Saudita,,,Arabia Saudita,,,3G,G,Irán,2,3,0,2,1,0,1,-1,10,10,4G,,,2,10,-,-,10,-,-,10,-,-,10,,10,-,10,,,,,,,,,,,,,,,,,,,,,,,,,,,,,,7,,1,7.1,7,,7,Croacia
,,,Empate,P.1 (2),P.1 (2),,P.1 (2),P.1 (2),,P.1 (2),P.1 (2),,P.1 (2),P.1 (2),,P.1 (2),P.1 (2),,P.1 (2),P.1 (2),,,27/6/2026,2:00,J3,Uruguay,,0,0,,España,1,66,4H,4,,Cabo Verde,1,3,0,1,2,1,4,-3,1,Cabo Verde,,,Uruguay,,,3H,H,Arabia Saudita,1,3,0,1,2,0,2,-2,12,12,4H,,,1,11,Pos. 11 (2),-2,11,Pos. 11 (2),0,12,-,-,12,,12,-,12,,,,,,,,,,,,,,,,,,,,,,,,,,,,,,8,,1,8.1,8,,8,Suecia
,,,,,,,,,,,,,,,,,,,,,,,,,,,,,,,,,,,,,,,,,,,,,,,,,,,,,3I,I,Senegal,4,3,1,1,1,1,1,0,4,4,4I,,,4,1,Pos. 1 (5),0,1,Pos. 1 (4),1,3,Pos. 3 (2),2,4,,4,3,4,,,,,,,,,,,,,,,,,,,,,,,,,,,,,,9,,1,9.1,9,,9,Escocia
,,,,,,,,,,,,,,,,,,,,,,,Fecha,Hora,Jor.,Casa,,Gol,Gol,,Fuera,,,,,,,,,,,,,,,,,,,,,,3J,J,Argelia,4,3,1,1,1,1,2,-1,5,5,4J,,,4,1,Pos. 1 (5),-1,5,-,-,5,-,-,5,,5,-,5,,,,,,,,,,,,,,,,,,,,,,,,,,,,,,10,,1,10.1,10,,10,Irán
NombreEquipo,I,4,Local,-,-,,-,-,,-,-,,-,-,,-,-,,-,-,,I,16/6/2026,21:00,J1,Francia,,1,0,,Senegal,1,17,,Grupo I,,,,,,,,,,,,,,,,,,3K,K,RD Congo,1,3,0,1,2,1,3,-2,11,11,4K,,,1,11,Pos. 11 (2),-2,11,Pos. 11 (2),1,11,-,-,11,,11,-,11,,,,,,,,,,,,,,,,,,,,,,,,,,,,,,11,,1,11.1,11,,11,RD Congo
Francia,,,Visitante,-,-,,-,-,,-,-,,-,-,,-,-,,-,-,,,17/6/2026,0:00,J1,Irak,,0,1,,Noruega,1,18,,Pos,,Selección,Pts,J,G,E,P,GF,GC,DG,0,,,,Selección,Puntos penalizados,,3L,L,Croacia,3,3,0,3,0,0,0,0,7,7,4L,,,3,6,Pos. 6 (4),0,6,Pos. 6 (2),0,7,-,-,7,,7,-,7,,,,,,,,,,,,,,,,,,,,,,,,,,,,,,12,,1,12.1,12,,12,Arabia Saudita
Senegal,,,Local,-,-,,-,-,,-,-,,-,-,,-,-,,-,-,,,22/6/2026,23:00,J2,Francia,,2,0,,Irak,1,42,1I,1,,Francia,7,3,2,1,0,4,1,3,1,Francia,,,Francia,,,,,,,,,,,,,,,,,,,,,,,,,,,,,,,,,,,,,,,,,,,,,,,,,,,,,,,,,,,,,,,,,,,,,,
Irak,,,Empate,-,-,,-,-,,-,-,,-,-,,-,-,,-,-,,,23/6/2026,2:00,J2,Noruega,,0,0,,Senegal,1,41,2I,2,,Noruega,5,3,1,2,0,2,1,1,1,Noruega,,,Senegal,,,,,,,,,,,,,,,,,,,,,,,,,,,,,,,,,,,,,,,,,,,,,,,,,,,,,,,,,,,,,,,,,,,,,,
Noruega,,,Empate,-,-,,-,-,,-,-,,-,-,,-,-,,-,-,,,26/6/2026,21:00,J3,Noruega,,1,1,,Francia,1,61,3I,3,,Senegal,4,3,1,1,1,1,1,0,1,Senegal,,,Irak,,,,,,,,,,,,,,,,,,,,,,,,,,,,,,,,,,,,,,,,,,,,,,,,,,,,,,,,,,,,,,,,,,,,,,
,,,Local,-,-,,-,-,,-,-,,-,-,,-,-,,-,-,,,26/6/2026,21:00,J3,Senegal,,1,0,,Irak,1,62,4I,4,,Irak,0,3,0,0,3,0,4,-4,1,Irak,,,Noruega,,,,,,,,,,,,,,,,,,,,,,,,,,,,,,,,,,,,,,,,,,,,,,,,,,,,,,,,,,,,,,,,,,,,,,
,,,,,,,,,,,,,,,,,,,,,,,,,,,,,,,,,,,,,,,,,,,,,,,,,,,,,,,,,,,,,,,,,,,,,,,,,,,,,,,,,,,,,,,,,,,,,,,,,,,,,,,,,,,,,,,,,,,,,,,,
,,,,,,,,,,,,,,,,,,,,,,,Fecha,Hora,Jor.,Casa,,Gol,Gol,,Fuera,,,,,,,,,,,,,,,,,,,,,,,,,,,,,,,,,,,,,,,,,,,,,,,,,,,,,,,,,,,,,,,,,,,,,,,,,,,,,,,,,,,,,,,,,
NombreEquipo,J,4,Local,-,P.2 (2),,-,P.2 (2),,-,P.2 (2),,-,P.2 (2),,-,P.2 (2),,-,P.2 (2),,J,17/6/2026,3:00,J1,Argentina,,2,0,,Argelia,1,19,,Grupo J,,,,,,,,,,,,,,,,,,,,,,,,,,,,,,,,,,,,,,,,,,,,,,,,,,,,,,,,,,,,,,,,,,,,,,,,,,,,,,,,,,,,,
Argentina,,,Local,P.2 (2),-,,P.2 (2),-,,P.2 (2),-,,P.2 (2),-,,P.2 (2),-,,P.2 (2),-,,,17/6/2026,6:00,J1,Austria,,1,0,,Jordania,1,20,,Pos,,Selección,Pts,J,G,E,P,GF,GC,DG,0,,,,Selección,Puntos penalizados,,,,,,,,,,,,,,,,,,,,,,,,,,,,,,,,,,,,,,,,,,,,,,,,,,,,,,,,,,,,,,,,,,,,,
Argelia,,,Local,-,P.2 (2),,-,P.2 (2),,-,P.2 (2),,-,P.2 (2),,-,P.2 (2),,-,P.2 (2),,,22/6/2026,19:00,J2,Argentina,,1,0,,Austria,1,43,1J,1,,Argentina,9,3,3,0,0,5,0,5,1,Argentina,,,Argentina,,,,,,,,,,,,,,,,,,,,,,,,,,,,,,,,,,,,,,,,,,,,,,,,,,,,,,,,,,,,,,,,,,,,,,
Austria,,,Visitante,-,P.2 (2),,-,P.2 (2),,-,P.2 (2),,-,P.2 (2),,-,P.2 (2),,-,P.2 (2),,,23/6/2026,5:00,J2,Jordania,,0,1,,Argelia,1,44,2J,2,,Austria,4,3,1,1,1,1,1,0,1,Austria,,,Argelia,,,,,,,,,,,,,,,,,,,,,,,,,,,,,,,,,,,,,,,,,,,,,,,,,,,,,,,,,,,,,,,,,,,,,,
Jordania,,,Empate,P.2 (2),P.2 (2),,P.2 (2),P.2 (2),,P.2 (2),P.2 (2),,P.2 (2),P.2 (2),,P.2 (2),P.2 (2),,P.2 (2),P.2 (2),,,28/6/2026,4:00,J3,Argelia,,0,0,,Austria,1,69,3J,3,,Argelia,4,3,1,1,1,1,2,-1,1,Argelia,,,Austria,,,,,,,,,,,,,,,,,,,,,,,,,,,,,,,,,,,,,,,,,,,,,,,,,,,,,,,,,,,,,,,,,,,,,,
,,,Visitante,-,-,,-,-,,-,-,,-,-,,-,-,,-,-,,,28/6/2026,4:00,J3,Jordania,,0,2,,Argentina,1,70,4J,4,,Jordania,0,3,0,0,3,0,4,-4,1,Jordania,,,Jordania,,,,,,,,,,,,,,,,,,,,,,,,,,,,,,,,,,,,,,,,,,,,,,,,,,,,,,,,,,,,,,,,,,,,,,
,,,,,,,,,,,,,,,,,,,,,,,,,,,,,,,,,,,,,,,,,,,,,,,,,,,,,,,,,,,,,,,,,,,,,,,,,,,,,,,,,,,,,,,,,,,,,,,,,,,,,,,,,,,,,,,,,,,,,,,,
,,,,,,,,,,,,,,,,,,,,,,,Fecha,Hora,Jor.,Casa,,Gol,Gol,,Fuera,,,,,,,,,,,,,,,,,,,,,,,,,,,,,,,,,,,,,,,,,,,,,,,,,,,,,,,,,,,,,,,,,,,,,,,,,,,,,,,,,,,,,,,,,
NombreEquipo,K,4,Local,P.1 (2),P.3 (2),,P.1 (2),P.3 (2),,P.1 (2),P.3 (2),,P.1 (2),P.3 (2),,P.1 (2),P.3 (2),,P.1 (2),P.3 (2),,K,17/6/2026,19:00,J1,Portugal,,2,1,,RD Congo,1,23,,Grupo K,,,,,,,,,,,,,,,,,,,,,,,,,,,,,,,,,,,,,,,,,,,,,,,,,,,,,,,,,,,,,,,,,,,,,,,,,,,,,,,,,,,,,
Portugal,,,Visitante,P.3 (2),P.1 (2),,P.3 (2),P.1 (2),,P.3 (2),P.1 (2),,P.3 (2),P.1 (2),,P.3 (2),P.1 (2),,P.3 (2),P.1 (2),,,18/6/2026,4:00,J1,Uzbekistán,,0,1,,Colombia,1,24,,Pos,,Selección,Pts,J,G,E,P,GF,GC,DG,0,,,,Selección,Puntos penalizados,,,,,,,,,,,,,,,,,,,,,,,,,,,,,,,,,,,,,,,,,,,,,,,,,,,,,,,,,,,,,,,,,,,,,
RD Congo,,,Local,P.1 (2),P.3 (2),,P.1 (2),P.3 (2),,P.1 (2),P.3 (2),,P.1 (2),P.3 (2),,P.1 (2),P.3 (2),,P.1 (2),P.3 (2),,,23/6/2026,19:00,J2,Portugal,,2,0,,Uzbekistán,1,47,1K,1,,Portugal,7,3,2,1,0,4,1,3,1,Portugal,,,Portugal,,,,,,,,,,,,,,,,,,,,,,,,,,,,,,,,,,,,,,,,,,,,,,,,,,,,,,,,,,,,,,,,,,,,,,
Uzbekistán,,,Local,P.1 (2),P.3 (2),,P.1 (2),P.3 (2),,P.1 (2),P.3 (2),,P.1 (2),P.3 (2),,P.1 (2),P.3 (2),,P.1 (2),P.3 (2),,,24/6/2026,4:00,J2,Colombia,,1,0,,RD Congo,1,48,2K,2,,Colombia,7,3,2,1,0,2,0,2,1,Colombia,,,RD Congo,,,,,,,,,,,,,,,,,,,,,,,,,,,,,,,,,,,,,,,,,,,,,,,,,,,,,,,,,,,,,,,,,,,,,,
Colombia,,,Empate,P.1 (2),P.1 (2),,P.1 (2),P.1 (2),,P.1 (2),P.1 (2),,P.1 (2),P.1 (2),,P.1 (2),P.1 (2),,P.1 (2),P.1 (2),,,28/6/2026,1:30,J3,Colombia,,0,0,,Portugal,1,71,3K,3,,RD Congo,1,3,0,1,2,1,3,-2,1,RD Congo,,,Uzbekistán,,,,,,,,,,,,,,,,,,,,,,,,,,,,,,,,,,,,,,,,,,,,,,,,,,,,,,,,,,,,,,,,,,,,,,
,,,Empate,P.3 (2),P.3 (2),,P.3 (2),P.3 (2),,P.3 (2),P.3 (2),,P.3 (2),P.3 (2),,P.3 (2),P.3 (2),,P.3 (2),P.3 (2),,,28/6/2026,1:30,J3,RD Congo,,0,0,,Uzbekistán,1,72,4K,4,,Uzbekistán,1,3,0,1,2,0,3,-3,1,Uzbekistán,,,Colombia,,,,,,,,,,,,,,,,,,,,,,,,,,,,,,,,,,,,,,,,,,,,,,,,,,,,,,,,,,,,,,,,,,,,,,
,,,,,,,,,,,,,,,,,,,,,,,,,,,,,,,,,,,,,,,,,,,,,,,,,,,,,,,,,,,,,,,,,,,,,,,,,,,,,,,,,,,,,,,,,,,,,,,,,,,,,,,,,,,,,,,,,,,,,,,,
,,,,,,,,,,,,,,,,,,,,,,,Fecha,Hora,Jor.,Casa,,Gol,Gol,,Fuera,,,,,,,,,,,,,,,,,,,,,,,,,,,,,,,,,,,,,,,,,,,,,,,,,,,,,,,,,,,,,,,,,,,,,,,,,,,,,,,,,,,,,,,,,
NombreEquipo,L,4,Empate,-,-,,-,-,,-,-,,-,-,,-,-,,-,-,,L,17/6/2026,22:00,J1,Inglaterra,,0,0,,Croacia,1,22,,Grupo L,,,,,,,,,,,,,,,,,,,,,,,,,,,,,,,,,,,,,,,,,,,,,,,,,,,,,,,,,,,,,,,,,,,,,,,,,,,,,,,,,,,,,
Inglaterra,,,Local,-,-,,-,-,,-,-,,-,-,,-,-,,-,-,,,18/6/2026,1:00,J1,Ghana,,1,0,,Panamá,1,21,,Pos,,Selección,Pts,J,G,E,P,GF,GC,DG,0,,,,Selección,Puntos penalizados,,,,,,,,,,,,,,,,,,,,,,,,,,,,,,,,,,,,,,,,,,,,,,,,,,,,,,,,,,,,,,,,,,,,,
Croacia,,,Local,-,-,,-,-,,-,-,,-,-,,-,-,,-,-,,,23/6/2026,22:00,J2,Inglaterra,,2,1,,Ghana,1,45,1L,1,,Inglaterra,7,3,2,1,0,3,1,2,1,Inglaterra,,,Inglaterra,,,,,,,,,,,,,,,,,,,,,,,,,,,,,,,,,,,,,,,,,,,,,,,,,,,,,,,,,,,,,,,,,,,,,,
Ghana,,,Empate,-,-,,-,-,,-,-,,-,-,,-,-,,-,-,,,24/6/2026,1:00,J2,Panamá,,0,0,,Croacia,1,46,2L,2,,Ghana,4,3,1,1,1,2,2,0,1,Ghana,,,Croacia,,,,,,,,,,,,,,,,,,,,,,,,,,,,,,,,,,,,,,,,,,,,,,,,,,,,,,,,,,,,,,,,,,,,,,
Panamá,,,Visitante,-,-,,-,-,,-,-,,-,-,,-,-,,-,-,,,27/6/2026,23:00,J3,Panamá,,0,1,,Inglaterra,1,67,3L,3,,Croacia,3,3,0,3,0,0,0,0,1,Croacia,,,Ghana,,,,,,,,,,,,,,,,,,,,,,,,,,,,,,,,,,,,,,,,,,,,,,,,,,,,,,,,,,,,,,,,,,,,,,
,,,Empate,-,-,,-,-,,-,-,,-,-,,-,-,,-,-,,,27/6/2026,23:00,J3,Croacia,,0,0,,Ghana,1,68,4L,4,,Panamá,1,3,0,1,2,0,2,-2,1,Panamá,,,Panamá,,,,,,,,,,,,,,,,,,,,,,,,,,,,,,,,,,,,,,,,,,,,,,,,,,,,,,,,,,,,,,,,,,,,,,
,,,,,,,,,,,,,,,,,,,,,,,,,,,,,,,,,,,,,,,,,,,,,,,,,,,,,,,,,,,,,,,,,,,,,,,,,,,,,,,,,,,,,,,,,,,,,,,,,,,,,,,,,,,,,,,,,,,,,,,,
,,,,,,,,,EN 16 y en el 3ºy4º puesto son diferentes,,,,,,,,,,,,,Dieciseisavos de final,,,,,,,,,,,,,,,,,,,,,,,,,,,,,,,,,,,,,,,,,,,,,,,,,,,,,,,,,,,,,,,,,,,,,,,,,,,,,,,,,,,,,,,,,,,,,,,,,,
NO BORRAR ESTO EN 16S,,,,,,,,,PARTIDO,FECHA,,LOCAL,VISITANTE,,,,,,,,,,Fecha,Hora,#,Casa,X,Gol,Gol,X,Fuera,,,,Mejores terceros,,,,,,,,,,,,¡EMPATE! Puedes seleccionar el orden de los empatados.,,,,,,,,,,,,,,,,,,,,,,,,,,,,,,,,,,,,,,,,,,,,,,,,,,,,,,,,,,,,,,,,,,,,,,,,,
2A,2B,,Corea del Sur,A,B,A,12,,73,"46201,75",2A-2B,Corea del Sur,Bosnia y Herzegovina,,,,,,,,,1/16,28/6/2026,21:00,73,Corea del Sur,,1,0,,Bosnia y Herzegovina,1,73,,Pos,,Selección,Pts,J,G,E,P,GF,GC,DG,4,,,,Grupos mejores 3ºs: ,ABDEFIJL,,,,,,,,,,,,,,,,,,,,,,,,,,,,,,,,,,,,,,,,,,,,,,,,,,,,,,,,,,,,,,,,,,,,,
1E,3ABCDF,,Brasil,E,TOTAL,B,12,,74,"46202,75",1E-3ABCDF,Alemania,Turquía,,,,,,,,,,29/6/2026,19:00,76,Brasil,,2,1,,Países Bajos,1,76,1,1,,Canadá,4,3,1,1,1,3,3,0,2,Canadá,,,,,,,,,Los 8 mejores terceros son…,GRUPO,ORDEN,,Por orden alfabetico,,,,,,,,,,,,,,,,,,,,,,,,,,,,,,,,,,,,,,,,,,,,,,,,,,,,,,,,,,,,
1F,2C,,Alemania,F,C,C,12,,75,"46202,75",1F-2C,Japón,Marruecos,,,,,,,,,,29/6/2026,22:30,74,Alemania,,1,0,,Turquía,1,74,2,2,,Turquía,4,3,1,1,1,3,3,0,2,Turquía,,,,1A - 3E,,,,,,B,2,,1,A,,,,,,,,,,,,,,,,,,,,,,,,,,,,,,,,,,,,,,,,,,,,,,,,,,,,,,,,,,,
1C,2F,,Japón,C,F,D,12,,76,"46202,75",1C-2F,Brasil,Países Bajos,,,,,,,,,,30/6/2026,3:00,75,Japón,,1,0,,Marruecos,1,75,3,3,,República Checa,4,3,1,1,1,1,1,0,2,República Checa,,,,1B - 3J,,,,,,D,3,,2,B,,,,,,,,,,,,,,,,,,,,,,,,,,,,,,,,,,,,,,,,,,,,,,,,,,,,,,,,,,,
1I,3CDFGH,,Noruega,I,TOTAL,E,12,,77,"46203,75",1I-3CDFGH,Francia,Suecia,,,,,,,,,,30/6/2026,19:00,78,Ecuador,,0,1,,Noruega,1,78,4,4,,Senegal,4,3,1,1,1,1,1,0,2,Senegal,,,,1D - 3B,,,,,,A,1,,3,D,,,,,,,,,,,,,,,,,,,,,,,,,,,,,,,,,,,,,,,,,,,,,,,,,,,,,,,,,,,
2E,2I,,Francia,E,I,F,12,,78,"46203,75",2E-2I,Ecuador,Noruega,,,,,,,,,,30/6/2026,23:00,77,Francia,,1,0,,Suecia,1,77,5,5,,Argelia,4,3,1,1,1,1,2,-1,1,Argelia,,,,1E - 3D,,,,,,I,6,,4,E,,,,,,,,,,,,,,,,,,,,,,,,,,,,,,,,,,,,,,,,,,,,,,,,,,,,,,,,,,,
1A,3CEFHI,,México,A,TOTAL,G,12,,79,"46203,75",1A-3CEFHI,México,Costa de Marfil,,,,,,,,,,1/7/2026,3:00,79,México,,1,0,,Costa de Marfil,1,79,6,6,,Costa de Marfil,3,3,1,0,2,3,3,0,1,Costa de Marfil,,,,1G - 3A,,,,,,J,7,,5,F,,,,,,,,,,,,,,,,,,,,,,,,,,,,,,,,,,,,,,,,,,,,,,,,,,,,,,,,,,,
1L,3EHIJK,,Inglaterra,L,TOTAL,H,12,,80,"46204,75",1L-3EHIJK,Inglaterra,Senegal,,,,,,,,,,1/7/2026,18:00,80,Inglaterra,,1,0,,Senegal,1,80,7,7,,Croacia,3,3,0,3,0,0,0,0,1,Croacia,,,,1I - 3F,,,,,,E,4,,6,I,,,,,,,,,,,,,,,,,,,,,,,,,,,,,,,,,,,,,,,,,,,,,,,,,,,,,,,,,,,
1D,3BEFIJ,,Bélgica,D,TOTAL,I,12,,81,"46204,75",1D-3BEFIJ,Estados Unidos,Canadá,,,,,,,,,,1/7/2026,22:00,82,Bélgica,,1,0,,República Checa,1,82,8,8,,Suecia,3,3,1,0,2,2,3,-1,1,Suecia,,,,1K - 3L,,,,,,L,8,,7,J,,,,,,,,,,,,,,,,,,,,,,,,,,,,,,,,,,,,,,,,,,,,,,,,,,,,,,,,,,,
1G,3AEHIJ,,Estados Unidos,G,TOTAL,J,12,,82,"46204,75",1G-3AEHIJ,Bélgica,República Checa,,,,,,,,,,2/7/2026,2:00,81,Estados Unidos,,1,0,,Canadá,1,81,9,9,,Escocia,3,3,1,0,2,2,4,-2,1,Escocia,,,,1L - 3I,,,,,,F,5,,8,L,,,,,,,,,,,,,,,,,,,,,,,,,,,,,,,,,,,,,,,,,,,,,,,,,,,,,,,,,,,
2K,2L,,España,K,L,K,12,,83,"46205,75",2K-2L,Colombia,Ghana,,,,,,,,,,2/7/2026,21:00,84,España,,2,1,,Austria,1,84,10,10,,Irán,2,3,0,2,1,0,1,-1,1,Irán,,,,,,,,,,,,,Corresponde a los grupos…,,,,,,,,,,,,,,,,,,,,,,,,,,,,,,,,,,,,,,,,,,,,,,,,,,,,,,,,,,,,
1H,2J,,Colombia,H,J,L,12,,84,"46205,75",1H-2J,España,Austria,,,,,,,,,,3/7/2026,1:00,83,Colombia,,1,0,,Ghana,1,83,11,11,,RD Congo,1,3,0,1,2,1,3,-2,1,RD Congo,,,,,,,,,,,,,ABDEFIJL,,,,,,,,,,,,,,,,,,,,,,,,,,,,,,,,,,,,,,,,,,,,,,,,,,,,,,,,,,,,
1B,3EFGIJ,,Suiza,B,TOTAL,TOTAL,144,,85,"46205,75",1B-3EFGIJ,Suiza,Argelia,,,,,,,,,,3/7/2026,5:00,85,Suiza,,1,0,,Argelia,1,85,12,12,,Arabia Saudita,1,3,0,1,2,0,2,-2,1,Arabia Saudita,,,,,,,,,,,,,,,,,,,,,,,,,,,,,,,,,,,,,,,,,,,,,,,,,,,,,,,,,,,,,,,,,,,,,,,,,
1J,2H,,Paraguay,J,H,,,,86,"46206,75",1J-2H,Argentina,Uruguay,,,,,,,,,,3/7/2026,20:00,88,Paraguay,,1,0,,Egipto,1,88,,,,,,,,,,,,,,,,,,,,,,,,,,,,,,,,,,,,,,,,,,,,,,,,,,,,,,,,,,,,,,,,,,,,,,,,,,,,,,,,,,,,,,,
1K,3DEIJL,,Argentina,K,TOTAL,,,,87,"46206,75",1K-3DEIJL,Portugal,Croacia,,,,,,,,,,4/7/2026,0:00,86,Argentina,,1,0,,Uruguay,1,86,,,,,,,,,,,,,,,,,,,,,,,,,,,,,,,,,,,,,,,,,,,,,,,,,,,,,,,,,,,,,,,,,,,,,,,,,,,,,,,,,,,,,,,
2D,2G,,Portugal,D,G,,,,88,"46206,75",2D-2G,Paraguay,Egipto,,,,,,,,,,4/7/2026,3:30,87,Portugal,,2,0,,Croacia,1,87,,,,,,,,,,,,,,,,,,,,,,,,,,,,,,,,,,,,,,,,,,,,,,,,,,,,,,,,,,,,,,,,,,,,,,,,,,,,,,,,,,,,,,,
,,,,,,,,,,,,,,,,,,,,,,,,,,,,,,,,,,,,,,,,,,,,,,,,,,,,,,,,,1A,3E,,,,,,,,,,,,,,,,,,,,,,,,,,,,,,,,,,,,,,,,,,,,,,,,,,,,,,,,,,,,,,
,,,,,,,,,,,,,,,,,,,,,,Octavos de final,,,,,,,,,,,,,,,,,,,,,,,,,,,,,,,,,,,1B,3J,,,,,,,,,,,,,,,,,,,,,,,,,,,,,,,,,,,,,,,,,,,,,,,,,,,,,,,,,,,,,,
,,,,,,,,,,,,,,,,,,,,,,,Fecha,Hora,,Casa,X,Gol,Gol,X,Fuera,,,,,,,,,,,,,,,,,,,,,,,,,,1D,3B,,,,,,,,,,,,,,,,,,,,,,,,,,,,,,,,,,,,,,,,,,,,,,,,,,,,,,,,,,,,,,
W74,W77,,Japón,74,77,,,,89,"46207,75",W74-W77,Alemania,Francia,,,,,,,,,1/8,4/7/2026,19:00,90,Corea del Sur,,0,1,,Japón,1,90,,,,,,,,,,,,,,,,,,,,,,,,1E,3D,,,,,,,,,,,,,,,,,,,,,,,,,,,,,,,,,,,,,,,,,,,,,,,,,,,,,,,,,,,,,,
W73,W75,,Francia,73,75,,,,90,"46207,875",W73-W75,Corea del Sur,Japón,,,,,,,,,,4/7/2026,23:00,89,Alemania,,1,2,,Francia,1,89,,,,,,,,,,,,,,,,,,,,,,,,1G,3A,,,,,,,,,,,,,,,,,,,,,,,,,,,,,,,,,,,,,,,,,,,,,,,,,,,,,,,,,,,,,,
W76,W78,,Brasil,76,78,,,,91,"46208,75",W76-W78,Brasil,Noruega,,,,,,,,,,5/7/2026,22:00,91,Brasil,,2,1,,Noruega,1,91,,,,,,,,,,,,,,,,,,,,,,,,1I,3F,,,,,,,,,,,,,,,,,,,,,,,,,,,,,,,,,,,,,,,,,,,,,,,,,,,,,,,,,,,,,,
W79,W80,,Inglaterra,79,80,,,,92,"46208,875",W79-W80,México,Inglaterra,,,,,,,,,,6/7/2026,2:00,92,México,3,0,0,4,Inglaterra,1,92,,,,,,,,,,,,,,,,,,,,,,,,1K,3L,,,,,,,,,,,,,,,,,,,,,,,,,,,,,,,,,,,,,,,,,,,,,,,,,,,,,,,,,,,,,,
W83,W84,,España,83,84,,,,93,"46209,75",W83-W84,Colombia,España,,,,,,,,,,6/7/2026,21:00,93,Colombia,,0,1,,España,1,93,,,,,,,,,,,,,,,,,,,,,,,,1L,3I,,,,,,,,,,,,,,,,,,,,,,,,,,,,,,,,,,,,,,,,,,,,,,,,,,,,,,,,,,,,,,
W81,W82,,Estados Unidos,81,82,,,,94,"46209,875",W81-W82,Estados Unidos,Bélgica,,,,,,,,,,7/7/2026,2:00,94,Estados Unidos,,1,0,,Bélgica,1,94,,,,,,,,,,,,,,,,,,,,,,,,,,,,,,,,,,,,,,,,,,,,,,,,,,,,,,,,,,,,,,,,,,,,,,,,,,,,,,,,,,,,,,,
W86,W88,,Argentina,86,88,,,,95,"46210,75",W86-W88,Argentina,Paraguay,,,,,,,,,,7/7/2026,18:00,95,Argentina,,1,0,,Paraguay,1,95,,,,,,,,,,,,,,,,,,,,,,,,,,,,,,,,,,,,,,,,,,,,,,,,,,,,,,,,,,,,,,,,,,,,,,,,,,,,,,,,,,,,,,,
W85,W87,,Portugal,85,87,,,,96,"46210,875",W85-W87,Suiza,Portugal,,,,,,,,,,7/7/2026,22:00,96,Suiza,,0,1,,Portugal,1,96,,,,,,,,,,,,,,,,,,,,,,,,,,,,,,,,,,,,,,,,,,,,,,,,,,,,,,,,,,,,,,,,,,,,,,,,,,,,,,,,,,,,,,,
,,,,,,,,,,,,,,,,,,,,,,,,,,,,,,,,,,,,,,,,,,,,,,,,,,,,,,,,,,,,,,,,,,,,,,,,,,,,,,,,,,,,,,,,,,,,,,,,,,,,,,,,,,,,,,,,,,,,,,,,
,,,,,,,,,,,,,,,,,,,,,,Cuartos de final,,,,,,,,,,,,,,,,,,,,,,,,,,,,,,,,,,,,,,,,,,,,,,,,,,,,,,,,,,,,,,,,,,,,,,,,,,,,,,,,,,,,,,,,,,,,,,,,,,
,,,,,,,,,,,,,,,,,,,,,,,Fecha,Hora,,Casa,X,Gol,Gol,X,Fuera,,,,,,,,,,,,,,,,,,,,,,,,,,,,,,,,,,,,,,,,,,,,,,,,,,,,,,,,,,,,,,,,,,,,,,,,,,,,,,,,,,,,,,,,,
W89,W90,,Francia,89,90,,,,97,"46212,75",W89-W90,Francia,Japón,,,,,,,,,1/4,9/7/2026,22:00,97,Francia,,1,0,,Japón,1,97,,,,,,,,,,,,,,,,,,,,,,,,,,,,,,,,,,,,,,,,,,,,,,,,,,,,,,,,,,,,,,,,,,,,,,,,,,,,,,,,,,,,,,,
W93,W94,,España,93,94,,,,98,"46213,875",W93-W94,España,Estados Unidos,,,,,,,,,,10/7/2026,21:00,98,España,,1,0,,Estados Unidos,1,98,,,,,,,,,,,,,,,,,,,,,,,,,,,,,,,,,,,,,,,,,,,,,,,,,,,,,,,,,,,,,,,,,,,,,,,,,,,,,,,,,,,,,,,
W91,W92,,Brasil,91,92,,,,99,"46214,75",W91-W92,Brasil,Inglaterra,,,,,,,,,,11/7/2026,23:00,99,Brasil,,1,0,,Inglaterra,1,99,,,,,,,,,,,,,,,,,,,,,,,,,,,,,,,,,,,,,,,,,,,,,,,,,,,,,,,,,,,,,,,,,,,,,,,,,,,,,,,,,,,,,,,
W95,W96,,Portugal,95,96,,,,100,"46214,875",W95-W96,Argentina,Portugal,,,,,,,,,,12/7/2026,3:00,100,Argentina,,0,1,,Portugal,1,100,,,,,,,,,,,,,,,,,,,,,,,,,,,,,,,,,,,,,,,,,,,,,,,,,,,,,,,,,,,,,,,,,,,,,,,,,,,,,,,,,,,,,,,
,,,,,,,,,,,,,,,,,,,,,,,,,,,,,,,,,,,,,,,,,,,,,,,,,,,,,,,,,,,,,,,,,,,,,,,,,,,,,,,,,,,,,,,,,,,,,,,,,,,,,,,,,,,,,,,,,,,,,,,,
,,,,,"EL 34 y la FINAL van diferentes como cogen los equipos, van directos, sin formulas previas",,,,,,,,,,,,,,,,,Semifinales,,,,,,,,,,,,,,,,,,,,,,,,,,,,,,,,,,,,,,,,,,,,,,,,,,,,,,,,,,,,,,,,,,,,,,,,,,,,,,,,,,,,,,,,,,,,,,,,,,
,,,,,,,LOOSERS,,,,,,,,,,,,,,,,Fecha,Hora,,Casa,X,Gol,Gol,X,Fuera,,,,,,,,,,,,,,,,,,,,,,,,,,,,,,,,,,,,,,,,,,,,,,,,,,,,,,,,,,,,,,,,,,,,,,,,,,,,,,,,,,,,,,,,,
W97,W98,,España,97,98,,Francia,,101,"46217,875",W97-W98,Francia,España,,,,,,,,,1/2,14/7/2026,21:00,101,Francia,,0,1,,España,1,101,,,,,,,,,,,,,,,,,,,,,,,,,,,,,,,,,,,,,,,,,,,,,,,,,,,,,,,,,,,,,,,,,,,,,,,,,,,,,,,,,,,,,,,
W99,W100,,Brasil,99,100,,Portugal,,102,"46218,875",W99-W100,Brasil,Portugal,,,,,,,,,,15/7/2026,21:00,102,Brasil,,1,0,,Portugal,1,102,,,,,,,,,,,,,,,,,,,,,,,,,,,,,,,,,,,,,,,,,,,,,,,,,,,,,,,,,,,,,,,,,,,,,,,,,,,,,,,,,,,,,,,
,,,,,,,,,,,,,,,,,,,,,,,,,,,,,,,,,,,,,,,,,,,,,,,,,,,,,,,,,,,,,,,,,,,,,,,,,,,,,,,,,,,,,,,,,,,,,,,,,,,,,,,,,,,,,,,,,,,,,,,,
,,,,,,,,,,,,,,,,,,,,,,3º y 4º puesto,,,,,,,,,,,,,,,,,,,,,,,,,,,,,,,,,,,,,,,,,,,,,,,,,,,,,,,,,,,,,,,,,,,,,,,,,,,,,,,,,,,,,,,,,,,,,,,,,,
,,,,,,,,,,,,,,,,,,,,,,,Fecha,Hora,,Casa,X,Gol,Gol,X,Fuera,,,,,,,,,,,,,,,,,,,,,,,,,,,,,,,,,,,,,,,,,,,,,,,,,,,,,,,,,,,,,,,,,,,,,,,,,,,,,,,,,,,,,,,,,
L101,L102,,Francia,101,102,,,,103,"46221,875",L101-L102,España,Brasil,,,,,,,,,3-4,18/7/2026,23:00,103,Francia,,2,1,,Portugal,1,103,,,,,,,,,,,,,,,,,,,,,,,,,,,,,,,,,,,,,,,,,,,,,,,,,,,,,,,,,,,,,,,,,,,,,,,,,,,,,,,,,,,,,,,
,,,,,,,,,,,,,,,,,,,,,,,,,,,,,,,,,,,,,,,,,,,,,,,,,,,,,,,,,,,,,,,,,,,,,,,,,,,,,,,,,,,,,,,,,,,,,,,,,,,,,,,,,,,,,,,,,,,,,,,,
,,,,,,,,,,,,,,,,,,,,,,Final,,,,,,,,,,,,,,,,,,,,,,,,,,,,,,,,,,,,,,,,,,,,,,,,,,,,,,,,,,,,,,,,,,,,,,,,,,,,,,,,,,,,,,,,,,,,,,,,,,
,,,,,,,,,,,,,,,,,,,,,,,Fecha,Hora,,Casa,X,Gol,Gol,X,Fuera,,,,,,,,,,,,,,,,,,,,,,,,,,,,,,,,,,,,,,,,,,,,,,,,,,,,,,,,,,,,,,,,,,,,,,,,,,,,,,,,,,,,,,,,,
W101,W102,,España,101,102,,Brasil,,104,"46222,875",W101-W102,España,Brasil,,,,,,,,,F,19/7/2026,21:00,104,España,,1,0,,Brasil,1,104,,,,,,,,,,,,,,,,,,,,,,,,,,,,,,,,,,,,,,,,,,,,,,,,,,,,,,,,,,,,,,,,,,,,,,,,,,,,,,,,,,,,,,,
,,,,,,,,,,,,,,,,,,,,,,,,,,,,,,,,,,,,,PORRA INCOMPLETA:,Aún falta alguna apuesta,,,,,,,,,,,,,,,,,,,,,,,,,,,,,,,,,,,,,,,,,,,,,,,,,,,,,,,,,,,,,,,,,,,,,,,,,,,,,,,,,,
,,,,,,,,,,,,,,,,,,,,,,,,,,Cuadro de honor,,,,,,,,,,,PORRA COMPLETA:,Guarda el archivo y envialo al administrador de tu porra,,,,,,,,,,,,,,,,,,,,,,,,,,,,,,,,,,,,,,,,,,,,,,,,,,,,,,,,,,,,,,,,,,,,,,,,,,,,,,,,,,
,,,,,,,,,,,,,,,,,,,,,,🥇Campeón,,,,España,,,,,,1,,,,,,,,,,,,,,,,,,,,,,,,,,,,,,,,,,,,,,,,,,,,,,,,,,,,,,,,,,,,,,,,,,,,,,,,,,,,,,,,,,,,,,,,
,,,,,,,,,,,,,,,,,,,,,,🥈Subcampeón,,,,Brasil,,,,,,1,,,PORRA COMPLETA:,,,,,,,,,,,,,,,,,,,,,,,,,,,,,,,,,,,,,,,,,,,,,,,,,,,,,,,,,,,,,,,,,,,,,,,,,,,,,,,,,,,,,
,,,,,,,,,,,,,,,,,,,,,,🥉3º puesto,,,,Francia,,,,,,1,,,,,,,,,,,,,,,,,,,,,,,,,,,,,,,,,,,,,,,,,,,,,,,,,,,,,,,,,,,,,,,,,,,,,,,,,,,,,,,,,,,,,,,,
,,,,,,,,,,,,,,,,,,,,,,,,,,,,,,,,,,,,,,,,,,,,,,,,,,,,,,,,,,,,,,,,,,,,,,,,,,,,,,,,,,,,,,,,,,,,,,,,,,,,,,,,,,,,,,,,,,,,,,,,
,,,,,,,,,,,,,,,,,,,,,,Bota de Oro  (máximo goleador),,,,Killian Mbappe,,,,,,1,Escribe un jugador,,,,,,,,,,,,,,,,,,,,,,,,,,,,,,,,,,,,,,,,,,,,,,,,,,,,,,,,,,,,,,,,,,,,,,,,,,,,,,,,,,,,,,,
,,,,,,,,,,,,,,,,,,,,,,Bota de Plata (2º máximo goleador),,,,Harry Kane,,,,,,1,,,Guarda el archivo y envialo al administrador de tu porra,,,,,,,,,,,,,,,,,,,,,,,,,,,,,,,,,,,,,,,,,,,,,,,,,,,,,,,,,,,,,,,,,,,,,,,,,,,,,,,,,,,,,
,,,,,,,,,,,,,,,,,,,,,,Bota de Bronce (3º máximo goleador),,,,Lamine Yamal,,,,,,1,,,,,,,,,,,,,,,,,,,,,,,,,,,,,,,,,,,,,,,,,,,,,,,,,,,,,,,,,,,,,,,,,,,,,,,,,,,,,,,,,,,,,,,,
,,,,,,,,,,,,,,,,,,,,,,,,,,,,,,,,,,,,,,,,,,,,,,,,,,,,,,,,,,,,,,,,,,,,,,,,,,,,,,,,,,,,,,,,,,,,,,,,,,,,,,,,,,,,,,,,,,,,,,,,
,,,,,,,,,,,,,,,,,,,,,,Balón de Oro  (mejor jugador),,,,Lamine Yamal,,,,,,1,,,,,,,,,,,,,,,,,,,,,,,,,,,,,,,,,,,,,,,,,,,,,,,,,,,,,,,,,,,,,,,,,,,,,,,,,,,,,,,,,,,,,,,,
,,,,,,,,,,,,,,,,,,,,,,Balón de Plata (2º mejor jugador),,,,Michael Olise,,,,,,1,,,,,,,,,,,,,,,,,,,,,,,,,,,,,,,,,,,,,,,,,,,,,,,,,,,,,,,,,,,,,,,,,,,,,,,,,,,,,,,,,,,,,,,,
,,,,,,,,,,,,,,,,,,,,,,Balón de Bronce (3º mejor jugador),,,,Vitinha,,,,,,1,,,,,,,,,,,,,,,,,,,,,,,,,,,,,,,,,,,,,,,,,,,,,,,,,,,,,,,,,,,,,,,,,,,,,,,,,,,,,,,,,,,,,,,,
,,,,,,,,,,,,,,,,,,,,,,,,,,,,,,,,,,,,,,,,,,,,,,,,,,,,,,,,,,,,,,,,,,,,,,,,,,,,,,,,,,,,,,,,,,,,,,,,,,,,,,,,,,,,,,,,,,,,,,,,
,,,,,,,,,,,,,,,,,,,,,,,,,,▼ Descargar Excel Administrador Porra ▼,,,,,Fixture,,,,,,© Miguel Angel Tejero. 2026,,,Donar,,,,,,,,,,,,,,,,,,,,,,,,,,,,,,,,,,,,,,,,,,,,,,,,,,,,,,,,,,,,,,,,,,,,,,,,,,,,,,,,